<?xml version="1.0" encoding="UTF-8"?>
<beans xmlns="http://www.springframework.org/schema/beans"
	xmlns:xsi="http://www.w3.org/2001/XMLSchema-instance"
	xmlns:mvc="http://www.springframework.org/schema/mvc"
	xsi:schemaLocation="http://www.springframework.org/schema/beans http://www.springframework.org/schema/beans/spring-beans.xsd
		http://www.springframework.org/schema/mvc http://www.springframework.org/schema/mvc/spring-mvc-4.3.xsd">
<!-- dispacher servlet이 controller를 자동으로 찾아가도록 해주는 설정임 HadlerMapping HalerAdapter를 만들어줌 -->
<mvc:annotation-driven/>

<!-- Ehcach를 spring과 연동하기 위한 설정 -->
	<bean id="cacheManager" class="org.springframework.cache.ehcache.EhCacheCacheManager">
		<property name="cacheManager">
			<bean class="org.springframework.cache.ehcache.EhCacheManagerFactoryBean">
				<property name="configLocation" value="classpath:ehcache.xml" />
				<property name="shared" value="true"/>
			</bean>
		</property>
    </bean>
	
	<bean id="ehcacheUtil" class="com.naver.book.common.EhCacheUtil">
		<constructor-arg name="ehCacheCacheManager" ref="cacheManager"/>
		<constructor-arg name="cacheName" value="storedEmp"/>
	</bean>
	
	<bean id="ehcacheHelper" class="com.naver.book.common.EhCacheHelper">
		<property name="ehcacheUtil" ref="ehcacheUtil"/>
	</bean>
	


<!-- static 자원(css,js,img)을 받아오는 설정 mapping: 받아올 URL / location 파일이 위치한 경로
  http://localhost:8080/hello_spring/static/js/jquery-3.1.3.min.js 이렇게 요청하면
  /WEB-INF/resources/js/jquery-3.1.3.min.js 를 찾아 줌
-->
<mvc:resources location="/WEB-INF/resources/js/" mapping="/static/js/**"/>
<mvc:resources location="/WEB-INF/resources/css/" mapping="/static/css/**"/>
<mvc:resources location="/WEB-INF/resources/img/" mapping="/static/img/**"/>
<mvc:resources location="/WEB-INF/resources/fonts/" mapping="/static/fonts/**"/>

<!-- 커맨드객체 검증하기 위한 bean -->
<bean id="validator" 
	class="org.springframework.validation.beanvalidation.LocalValidatorFactoryBean"></bean>
<!--viewResolver: 사용자에게 page를 보여주는역할 -->
<bean id="viewResolver"
		class="org.springframework.web.servlet.view.InternalResourceViewResolver">
	<property name="prefix" value="/WEB-INF/view/"/>		
	<property name="suffix" value=".jsp"/>		
</bean>

<bean id="multipartResolver" class="org.springframework.web.multipart.commons.CommonsMultipartResolver">
	<property name="maxUploadSize" value="104857600"/>
	<property name="defaultEncoding" value="UTF-8"/>
</bean>

<bean id="publisherController" class="com.naver.book.publisher.web.PublisherController">
	<property name="publisherService" ref="publisherServiceImpl"/>
</bean>

<bean id="authorController" class="com.naver.book.author.web.AuthorController">
	<property name="authorService" ref="authorServiceImpl"/>
</bean>

<bean id="bookController" class="com.naver.book.book.web.BookController">
	<property name="bookService" ref="bookServiceImpl"/>
</bean>

</beans>
