<?xml version="1.0" encoding="UTF-8"?>
<beans xmlns="http://www.springframework.org/schema/beans"
	xmlns:xsi="http://www.w3.org/2001/XMLSchema-instance"
	xsi:schemaLocation="http://www.springframework.org/schema/beans http://www.springframework.org/schema/beans/spring-beans.xsd">

<bean id="authorServiceImpl" class="com.naver.book.author.service.AuthorServiceImpl">
	<property name="authorBiz" ref="authorBizImpl"/>
</bean>

<bean id="authorBizImpl" class="com.naver.book.author.biz.AuthorBizImpl">
	<property name="authorDao" ref="authorDaoImpl"/>
</bean>

<bean id="authorDaoImpl" class="com.naver.book.author.dao.AuthorDaoImpl">
	<property name="sqlSessionTemplate" ref="sqlSessionTemplate"/>
</bean> 

</beans>
